condition,objective_value
default,0.7097712093951047
m9,0.2161850477378679
